<?xml version="1.0" encoding="UTF-8" standalone="yes"?>
<manifest>
  <control namespace="XRMTools" constructor="texteditor" version="0.0.1" display-name-key="texteditor_Display_Key" description-key="texteditor_Desc_Key" control-type="standard">
    <property name="txtEditorProperty" display-name-key="txtEditor_Display_Key" description-key="txtEditor_Desc_Key" of-type="SingleLine.Text" usage="bound" required="true"/>
    <resources>
      <code path="bundle.js" order="1"/>
      <css path="tuieditor.css" order="1"/>
      <css path="tuieditorcontent.css" order="1"/>
      <css path="codemirror.css" order="1"/>
      <css path="github.css" order="1"/>
    </resources>
  </control>
</manifest>